<?xml version="1.0" encoding="UTF-8"?>
<deploy xmlns="http://www.apache.org/ode/schemas/dd/2007/03" xmlns:Test="Test">
  <process name="Test:Test" attachedRMAddress="http://localhost:8080/axis2/services/ResourceManagementService.ResourceManagementPort?wsdl">
    <datasources dataSourceName="TestDB" address="localhost/simpl" type="Database" subtype="MySQL" language="SQL" userName="simpl" password="simpl" format="RDBDataFormat"/>
    <active>true</active>
    <retired>false</retired>
    <process-events generate="all"/>
    <provide partnerLink="client">
      <service name="Test:TestService" port="TestPort"/>
    </provide>
  </process>
</deploy>