<?xml version="1.0" encoding="UTF-8"?>
<simpl:SIMPLConfig xmlns:simpl="http://org.simpl.core/SIMPLConfig" xmlns:xsi="http://www.w3.org/2001/XMLSchema-instance" xsi:schemaLocation="http://org.simpl.core/SIMPLConfig simpl-core-config.xsd ">
	<!--data source service plug-ins-->
	<DataSourceServicePlugin id="DB2RDBDataSourceService"
		className="org.simpl.core.plugins.datasource.rdb.DB2RDBDataSourceService" />
	<DataSourceServicePlugin id="DerbyRDBDataSourceService"
		className="org.simpl.core.plugins.datasource.rdb.DerbyRDBDataSourceService" />
	<DataSourceServicePlugin id="EmbDerbyRDBDataSourceService"
		className="org.simpl.core.plugins.datasource.rdb.EmbDerbyRDBDataSourceService" />
	<DataSourceServicePlugin id="MySQLRDBDataSourceService"
		className="org.simpl.core.plugins.datasource.rdb.MySQLRDBDataSourceService" />
	<DataSourceServicePlugin id="WindowsLocalFSDataSourceService"
		className="org.simpl.core.plugins.datasource.fs.WindowsLocalFSDataSourceService" />

	<!--data format plug-ins-->
	<DataFormatPlugin id="CSVDataFormat"
		className="org.simpl.core.plugins.dataformat.fs.CSVDataFormat" />
	<DataFormatPlugin id="RDBDataFormat"
		className="org.simpl.core.plugins.dataformat.rdb.RDBDataFormat" />

	<!--data format converter plug-ins-->
	<DataFormatConverterPlugin id="CSVtoRDBDataFormatConverter"
		className="org.simpl.core.plugins.dataformat.converter.CSVtoRDBDataFormatConverter" />

	<!--data format mapping-->
	<DataFormat ref="CSVDataFormat">
		<DataSourceService>WindowsLocalFSDataSourceService</DataSourceService>
	</DataFormat>

	<DataFormat ref="RDBDataFormat">
		<DataSourceService>DB2RDBDataSourceService</DataSourceService>
		<DataSourceService>MySQLRDBDataSourceService</DataSourceService>
		<DataSourceService>EmbDerbyRDBDataSourceService</DataSourceService>
		<DataSourceService>DerbyRDBDataSourceService</DataSourceService>
	</DataFormat>

	<!--data format converter mapping-->
	<DataFormatConverter ref="CSVtoRDBDataFormatConverter">
		<DataSourceService>EmbDerbyRDBDataSourceService</DataSourceService>
		<DataSourceService>DerbyRDBDataSourceService</DataSourceService>
		<DataSourceService>WindowsLocalFSDataSourceService</DataSourceService>
	</DataFormatConverter>
</simpl:SIMPLConfig>