<?xml version="1.0" encoding="UTF-8"?>
<deploy xmlns="http://www.apache.org/ode/schemas/dd/2007/03" xmlns:ACCESS="http://www.dwarf.uni-stuttgart.de/ACCESS" xmlns:www.dwarf.uni-stuttgart.de="http://www.dwarf.uni-stuttgart.de">
  <process name="www.dwarf.uni-stuttgart.de:ODEDwarfUseCase">
    <active>true</active>
    <retired>false</retired>
    <process-events generate="all"/>
    <provide partnerLink="client">
      <service name="www.dwarf.uni-stuttgart.de:ODEDwarfUseCase" port="ODEDwarfUseCasePort"/>
    </provide>
    <invoke partnerLink="dwarfAccessLink">
      <service name="ACCESS:DWARF_ACCESS" port="DWARFaccessPORT"/>
    </invoke>
    <invoke partnerLink="webServiceDataLink">
      <service name="ACCESS:WebServiceDataService" port="WebServiceDataPort"/>
    </invoke>
  </process>
</deploy>