<?xml version="1.0" encoding="UTF-8"?>
<deploy xmlns="http://www.apache.org/ode/schemas/dd/2007/03" xmlns:ACCESS="http://www.dwarf.uni-stuttgart.de/ACCESS" xmlns:data.service.web="http://data.service.web/" xmlns:www.dwarf.uni-stuttgart.de="http://www.dwarf.uni-stuttgart.de">
  <process name="www.dwarf.uni-stuttgart.de:ODEDwarfUseCase" attachedRMAddress="http://localhost:8080/axis2/services/ResourceManagementService.ResourceManagementPort?wsdl">
    <active>true</active>
    <retired>false</retired>
    <process-events generate="all"/>
    <provide partnerLink="client">
      <service name="www.dwarf.uni-stuttgart.de:ODEDwarfUseCase" port="ODEDwarfUseCasePort"/>
    </provide>
    <invoke partnerLink="dwarfAccessLink">
      <service name="ACCESS:DWARF_ACCESS" port="DWARFaccessPORT"/>
    </invoke>
    <invoke partnerLink="webServiceDataLink">
      <service name="data.service.web:WebServiceDataService" port="WebServiceDataPort"/>
    </invoke>
  </process>
</deploy>